Reference, Value, Footprint, LCSC Ref
R3,390k,Resistor_SMD:R_0603_1608Metric,C23150
C4,1uF,Capacitor_SMD:C_0603_1608Metric,C15849
C7,2.2uF,Capacitor_SMD:C_0603_1608Metric,C23630
C3,1uF,Capacitor_SMD:C_0603_1608Metric,C15849
C2,1uF,Capacitor_SMD:C_0603_1608Metric,C15849
C6,4.7uF,Capacitor_SMD:C_0603_1608Metric,C19666
R1,4.7K,Resistor_SMD:R_0603_1608Metric,C23162
R2,4.7K,Resistor_SMD:R_0603_1608Metric,C23162
C5,1uF,Capacitor_SMD:C_0603_1608Metric,C15849
C1,1uF,Capacitor_SMD:C_0603_1608Metric,C15849
C9,4.7uF,Capacitor_SMD:C_0603_1608Metric,C19666
C10,10uF,Capacitor_SMD:C_0603_1608Metric,C19702
R4,510k,Resistor_SMD:R_0402_1005Metric,C11616
R5,200k,Resistor_SMD:R_0402_1005Metric,C25774
R6,1k,Resistor_SMD:R_0402_1005Metric,C11702